repo_url,pr_url,matching_js_test_files,matched_terms,found_test_keywords,found_async_keywords
https://api.github.com/repos/MetaMask/metamask-extension,https://github.com/MetaMask/metamask-extension/pull/25525,test/e2e/tests/onboarding/onboarding.spec.js,flaky test,describe(;it(,async
https://api.github.com/repos/DataDog/dd-trace-js,https://github.com/DataDog/dd-trace-js/pull/4453,integration-tests/mocha/mocha.spec.js,flaky test,describe(;it(,promise;async
https://api.github.com/repos/HHS/Head-Start-TTADP,https://github.com/HHS/Head-Start-TTADP/pull/2250,src/lib/importSystem/tests/record.test.js,race condition,describe(;it(,promise;async
https://api.github.com/repos/MetaMask/metamask-extension,https://github.com/MetaMask/metamask-extension/pull/25648,test/e2e/snaps/test-snap-get-locale.spec.js,race condition;flaky test,describe(;it(,async
https://api.github.com/repos/code-dot-org/code-dot-org,https://github.com/code-dot-org/code-dot-org/pull/59546,apps/test/unit/code-studio/initApp/loadAppTest.js;apps/test/unit/templates/rubrics/RubricContainerTest.jsx,race condition,describe(;it(,async
https://api.github.com/repos/NEARBuilders/gateway,https://github.com/NEARBuilders/gateway/pull/452,playwright-tests/tests/activity.spec.js;playwright-tests/tests/auth.spec.js;playwright-tests/tests/bosloaderenvironment.spec.js;playwright-tests/tests/editor.spec.js;playwright-tests/tests/landing-page.spec.js;playwright-tests/tests/navbar.spec.js;playwright-tests/tests/profile.spec.js;playwright-tests/tests/project.spec.js;playwright-tests/tests/resources.spec.js,flaky test,describe(;test(,promise;async
https://api.github.com/repos/NEARBuilders/gateway,https://github.com/NEARBuilders/gateway/pull/453,playwright-tests/tests/editor.spec.js;playwright-tests/tests/landing-page.spec.js;playwright-tests/tests/project.spec.js;playwright-tests/tests/resources.spec.js,flaky test,describe(;test(,async
https://api.github.com/repos/mozilla/fxa,https://github.com/mozilla/fxa/pull/17185,packages/functional-tests/tests/oauth/totp.spec.ts;packages/functional-tests/tests/resetPassword/resetPasswordWithCode/oauthResetPassword.spec.ts;packages/functional-tests/tests/resetPassword/resetPasswordWithLink/oauthResetPassword.spec.ts;packages/functional-tests/tests/syncV3/signIn.spec.ts,race condition,describe(;test(,promise;async
https://api.github.com/repos/MetaMask/metamask-extension,https://github.com/MetaMask/metamask-extension/pull/25545,test/e2e/tests/swap-send/swap-send-eth.spec.ts,flaky test,describe(;it(,async
https://api.github.com/repos/Comfy-Org/ComfyUI_frontend,https://github.com/Comfy-Org/ComfyUI_frontend/pull/55,browser_tests/interaction.spec.ts,flaky test,describe(;test(,async
https://api.github.com/repos/suredone/qdone,https://github.com/suredone/qdone/pull/67,test/dedup.test.js;test/idleQueues.test.js;test/qrlCache.test.js;test/sqs.test.js,flaky test,describe(;test(,promise;async
https://api.github.com/repos/DataDog/dd-trace-js,https://github.com/DataDog/dd-trace-js/pull/4496,docs/test.ts;integration-tests/ci-visibility/playwright-tests-max-failures/failing-test-and-another-test.js,flaky test,it(,promise
https://api.github.com/repos/DataDog/dd-trace-js,https://github.com/DataDog/dd-trace-js/pull/4497,docs/test.ts;integration-tests/ci-visibility/playwright-tests-max-failures/failing-test-and-another-test.js,flaky test,it(,promise
https://api.github.com/repos/MetaMask/metamask-extension,https://github.com/MetaMask/metamask-extension/pull/25744,test/e2e/snaps/test-snap-metrics.spec.js,flaky test,describe(;it(,promise;async
https://api.github.com/repos/folio-org/stripes-components,https://github.com/folio-org/stripes-components/pull/2318,lib/Selection/tests/Selection-test.js,race condition,describe(;it(,async
https://api.github.com/repos/hmcts/prl-ccd-definitions,https://github.com/hmcts/prl-ccd-definitions/pull/2324,test/end-to-end/tests/CreateSOAFromCitizenJourney_test.js;test/end-to-end/tests/apiUtil_test.js,flaky test,it(,async
https://api.github.com/repos/DataDog/dd-trace-js,https://github.com/DataDog/dd-trace-js/pull/4491,integration-tests/cucumber/cucumber.spec.js,flaky test,describe(;it(,promise;async
https://api.github.com/repos/MetaMask/metamask-extension,https://github.com/MetaMask/metamask-extension/pull/25706,test/e2e/tests/tokens/custom-token-add-approve.spec.js,flaky test,describe(;it(,async
https://api.github.com/repos/parse-community/parse-server,https://github.com/parse-community/parse-server/pull/9181,spec/CloudCode.spec.js;spec/ParseAPI.spec.js,flaky test,describe(;it(;test(,promise;async
https://api.github.com/repos/MetaMask/metamask-extension,https://github.com/MetaMask/metamask-extension/pull/25675,test/e2e/tests/request-queuing/ui.spec.js,flaky test,describe(;it(,async
https://api.github.com/repos/parse-community/parse-server,https://github.com/parse-community/parse-server/pull/9217,spec/batch.spec.js,flaky test,describe(;it(,async
https://api.github.com/repos/parse-community/parse-server,https://github.com/parse-community/parse-server/pull/9210,spec/ParseLiveQuery.spec.js;spec/batch.spec.js,flaky test,describe(;it(,promise;async
https://api.github.com/repos/parse-community/parse-server,https://github.com/parse-community/parse-server/pull/9218,spec/Idempotency.spec.js;spec/RegexVulnerabilities.spec.js,flaky test,describe(;it(,promise;async
https://api.github.com/repos/vercel/next.js,https://github.com/vercel/next.js/pull/67734,test/e2e/middleware-rewrites/test/index.test.ts,race condition,describe(;it(,async
https://api.github.com/repos/vercel/next.js,https://github.com/vercel/next.js/pull/67767,test/development/jsconfig-path-reloading/index.test.ts;test/development/start-no-build/start-no-build.test.ts;test/development/tsconfig-path-reloading/index.test.ts;test/e2e/app-dir/app-basepath-custom-server/index.test.ts;test/e2e/custom-app-render/custom-app-render.test.ts;test/e2e/multi-zone/multi-zone.test.ts;test/production/custom-server/custom-server.test.ts,race condition,describe(;it(,async
https://api.github.com/repos/MetaMask/metamask-extension,https://github.com/MetaMask/metamask-extension/pull/25899,test/e2e/tests/settings/show-hex-data.spec.js,flaky test,describe(;it(,async
https://api.github.com/repos/MetaMask/metamask-extension,https://github.com/MetaMask/metamask-extension/pull/25913,test/e2e/flask/user-operations.spec.ts,flaky test,describe(;it(;test(,promise;async
https://api.github.com/repos/MetaMask/metamask-extension,https://github.com/MetaMask/metamask-extension/pull/25769,app/scripts/migrations/122.test.ts;test/e2e/accounts/snap-account-signatures-and-disconnects.spec.ts;test/e2e/accounts/snap-account-signatures.spec.ts;test/e2e/snaps/test-snap-siginsights.spec.js;test/e2e/tests/dapp-interactions/signin-with-ethereum.spec.js;test/e2e/tests/metrics/signature-approved.spec.js;test/e2e/tests/petnames/petnames-signatures.spec.js;test/e2e/tests/request-queuing/dapp1-send-dapp2-signTypedData.spec.js;test/e2e/tests/request-queuing/ui.spec.js;test/e2e/tests/signature/personal-sign.spec.js;test/e2e/tests/signature/signature-request.spec.js,flaky test,describe(;it(,async
https://api.github.com/repos/MetaMask/metamask-extension,https://github.com/MetaMask/metamask-extension/pull/25837,app/scripts/lib/snap-keyring/snap-keyring.test.ts;test/e2e/flask/user-operations.spec.ts;ui/components/multichain/account-list-menu/account-list-menu.test.js;ui/components/multichain/create-btc-account/create-btc-account.test.tsx;ui/components/multichain/create-named-snap-account/create-named-snap-account.test.tsx;ui/pages/confirmations/confirmation/templates/create-named-snap-account.test.js,flaky test,describe(;it(,async
https://api.github.com/repos/MetaMask/metamask-extension,https://github.com/MetaMask/metamask-extension/pull/25782,test/e2e/tests/metrics/errors.spec.js;test/e2e/tests/settings/ipfs-ens-resolution.spec.js,flaky test,describe(;it(,promise;async
https://api.github.com/repos/Ontotext-AD/graphdb-workbench,https://github.com/Ontotext-AD/graphdb-workbench/pull/1473,test-cypress/integration/explore/graphs.overview.spec.js,flaky test,describe(;it(,promise
https://api.github.com/repos/DataDog/dd-trace-js,https://github.com/DataDog/dd-trace-js/pull/4518,integration-tests/cypress/cypress.spec.js,flaky test,describe(;it(,promise;async
https://api.github.com/repos/DataDog/dd-trace-js,https://github.com/DataDog/dd-trace-js/pull/4523,integration-tests/cypress/cypress.spec.js,flaky test,describe(;it(,promise;async
https://api.github.com/repos/NEARBuilders/gateway,https://github.com/NEARBuilders/gateway/pull/478,playwright-tests/tests/activity.spec.js;playwright-tests/tests/landing-page.spec.js;playwright-tests/tests/project.spec.js,flaky test,describe(;test(,promise;async
https://api.github.com/repos/MetaMask/metamask-extension,https://github.com/MetaMask/metamask-extension/pull/25786,test/e2e/run-e2e-test.js;test/e2e/tests/network/add-custom-network.spec.js,flaky test,it(,promise;async
https://api.github.com/repos/DataDog/dd-trace-js,https://github.com/DataDog/dd-trace-js/pull/4513,integration-tests/vitest/vitest.spec.js,flaky test,describe(;it(,async
https://api.github.com/repos/MetaMask/metamask-extension,https://github.com/MetaMask/metamask-extension/pull/25854,test/e2e/tests/tokens/nft/erc721-interaction.spec.js,flaky test,describe(;it(,async
https://api.github.com/repos/MetaMask/metamask-extension,https://github.com/MetaMask/metamask-extension/pull/25774,test/e2e/vault-decryption-chrome.spec.js,flaky test,describe(;it(,promise;async
https://api.github.com/repos/DataDog/dd-trace-js,https://github.com/DataDog/dd-trace-js/pull/4504,integration-tests/ci-visibility/playwright-tests-automatic-retry/automatic-retry-test.js;integration-tests/playwright/playwright.spec.js,flaky test,describe(;test(,async
https://api.github.com/repos/parse-community/parse-server,https://github.com/parse-community/parse-server/pull/9235,spec/ParseServerRESTController.spec.js,flaky test,describe(;it(,promise;async
https://api.github.com/repos/MetaMask/metamask-extension,https://github.com/MetaMask/metamask-extension/pull/26082,test/e2e/flask/btc/btc-account-overview.spec.ts;test/e2e/flask/btc/btc-dapp-connection.spec.ts;test/e2e/flask/btc/create-btc-account.spec.ts,flaky test,describe(;it(,async
https://api.github.com/repos/MetaMask/metamask-extension,https://github.com/MetaMask/metamask-extension/pull/25945,test/e2e/tests/metrics/delete-metametrics-data.spec.ts,race condition,describe(;it(,async
https://api.github.com/repos/sveltejs/kit,https://github.com/sveltejs/kit/pull/12487,packages/kit/test/apps/basics/test/client.test.js,flaky test,describe(;it(;test(,promise;async
https://api.github.com/repos/MetaMask/metamask-extension,https://github.com/MetaMask/metamask-extension/pull/26062,test/e2e/accounts/account-custom-name.spec.ts,flaky test,describe(;it(,async
https://api.github.com/repos/MetaMask/metamask-extension,https://github.com/MetaMask/metamask-extension/pull/26039,test/e2e/accounts/create-snap-account.spec.ts,race condition,describe(;it(,async
https://api.github.com/repos/sveltejs/kit,https://github.com/sveltejs/kit/pull/12493,packages/kit/test/apps/basics/test/test.js,flaky test,describe(;test(,promise;async
https://api.github.com/repos/MetaMask/metamask-extension,https://github.com/MetaMask/metamask-extension/pull/26049,ui/pages/onboarding-flow/welcome/welcome.test.js,race condition;flaky test,describe(;it(,async
https://api.github.com/repos/sveltejs/kit,https://github.com/sveltejs/kit/pull/12488,packages/kit/test/apps/basics/test/cross-platform/client.test.js,flaky test,describe(;test(,promise;async
https://api.github.com/repos/MetaMask/metamask-extension,https://github.com/MetaMask/metamask-extension/pull/25997,test/e2e/vault-decryption-chrome.spec.js,flaky test,describe(;it(,promise;async
https://api.github.com/repos/DataDog/dd-trace-js,https://github.com/DataDog/dd-trace-js/pull/4530,integration-tests/jest/jest.spec.js,flaky test,describe(;it(,promise;async
https://api.github.com/repos/MetaMask/metamask-extension,https://github.com/MetaMask/metamask-extension/pull/26111,test/e2e/tests/settings/4byte-directory.spec.js,flaky test,describe(;it(,async
https://api.github.com/repos/mozilla/fxa,https://github.com/mozilla/fxa/pull/17310,packages/fxa-admin-server/src/backend/profile-client.service.spec.ts;packages/fxa-admin-server/src/gql/account/account.resolver.spec.ts;packages/fxa-auth-server/test/local/routes/account.js;packages/fxa-auth-server/test/local/routes/subscriptions/stripe.js;packages/fxa-auth-server/test/local/routes/totp.js;packages/fxa-graphql-api/src/gql/account.resolver.spec.ts,race condition,describe(;it(,async
https://api.github.com/repos/maizzle/framework,https://github.com/maizzle/framework/pull/1325,test/server.test.js,race condition,it(;test(,async
https://api.github.com/repos/openedx/frontend-app-authoring,https://github.com/openedx/frontend-app-authoring/pull/1193,src/library-authoring/LibraryAuthoringPage.test.tsx,flaky test,describe(;it(,promise;async
https://api.github.com/repos/holepunchto/hyperswarm-secret-stream,https://github.com/holepunchto/hyperswarm-secret-stream/pull/36,test.js,race condition,it(;test(,promise;async
https://api.github.com/repos/FlowFuse/flowfuse,https://github.com/FlowFuse/flowfuse/pull/4260,test/unit/forge/routes/api/team_spec.js,race condition,describe(;it(,async
https://api.github.com/repos/vercel/next.js,https://github.com/vercel/next.js/pull/68494,test/integration/edge-runtime-module-errors/test/module-imports.test.js,race condition,describe(;it(,async
https://api.github.com/repos/punitdiwan/school-scoop-supa-test,https://github.com/punitdiwan/school-scoop-supa-test/pull/65,tests/Transport.spec.js;tests/test.spec.js,flaky test,describe(;test(,async
https://api.github.com/repos/WordPress/gutenberg,https://github.com/WordPress/gutenberg/pull/64244,test/e2e/specs/site-editor/dataviews-list-layout-keyboard.spec.js,flaky test,describe(;test(,promise;async
https://api.github.com/repos/openlayers/openlayers,https://github.com/openlayers/openlayers/pull/16056,test/browser/spec/ol/webgl/styleparser.test.js,flaky test,describe(;it(,async
https://api.github.com/repos/WordPress/gutenberg,https://github.com/WordPress/gutenberg/pull/64205,packages/components/src/alignment-matrix-control/test/index.tsx;packages/components/src/circular-option-picker/test/index.tsx;packages/components/src/composite/legacy/test/index.tsx;packages/components/src/custom-select-control-v2/test/index.tsx;packages/components/src/custom-select-control/test/index.tsx;packages/components/src/dropdown-menu-v2/test/index.tsx;packages/components/src/tab-panel/test/index.tsx;packages/components/src/tabs/test/index.tsx;packages/components/src/toggle-group-control/test/index.tsx;packages/components/src/tooltip/test/index.tsx,flaky test,describe(;it(,async
https://api.github.com/repos/aziontech/azion-console-kit,https://github.com/aziontech/azion-console-kit/pull/1574,src/tests/services/billing-services/load-your-service-plan-service.test.js,flaky test,describe(;it(,async
https://api.github.com/repos/vercel/next.js,https://github.com/vercel/next.js/pull/68674,test/integration/jsconfig-baseurl/test/index.test.js;test/integration/jsconfig-paths/test/index.test.js;test/integration/link-ref/test/index.test.js;test/integration/preload-viewport/test/index.test.js,flaky test,describe(;it(,async
https://api.github.com/repos/MetaMask/metamask-extension,https://github.com/MetaMask/metamask-extension/pull/26449,test/e2e/snaps/test-snap-jsx.spec.js;test/e2e/snaps/test-snap-siginsights.spec.js;test/e2e/tests/api-usage/account-tracker-api-usage.spec.ts;test/e2e/tests/bridge/bridge-button-opens-portfolio.spec.ts;test/e2e/tests/bridge/bridge-button-routing.spec.ts;test/e2e/tests/confirmations/signatures/permit.spec.ts;test/e2e/tests/request-queuing/ui.spec.js;test/e2e/tests/simulation-details/simulation-details.spec.ts;test/e2e/tests/swap-send/swap-send-erc20.spec.ts;test/e2e/tests/swap-send/swap-send-eth.spec.ts,race condition,describe(;it(,async
https://api.github.com/repos/CesiumGS/cesium,https://github.com/CesiumGS/cesium/pull/12129,packages/engine/Specs/Renderer/CubeMapSpec.js;packages/engine/Specs/Scene/Cesium3DTilesetSpec.js,race condition,describe(;it(,promise
https://api.github.com/repos/adobe/spacecat-shared,https://github.com/adobe/spacecat-shared/pull/335,packages/spacecat-shared-data-access/test/it/db.test.js,flaky test,describe(;it(,promise;async
https://api.github.com/repos/appknox/irene,https://github.com/appknox/irene/pull/1437,tests/acceptance/organization/service-account-test.js;tests/acceptance/security/project-search-list-test.js,flaky test,it(;test(,async
https://api.github.com/repos/Hylozoic/hylo-evo,https://github.com/Hylozoic/hylo-evo/pull/1686,src/routes/NonAuthLayoutRouter/Signup/FinishRegistration/FinishRegistration.test.js,race condition,it(;test(,async
https://api.github.com/repos/maxtsh/leovegas_movieland,https://github.com/maxtsh/leovegas_movieland/pull/2,e2e/Home.spec.ts;e2e/Starred.spec.ts;e2e/Watchlater.spec.ts,race condition,describe(;test(,async
https://api.github.com/repos/digital-land/submit,https://github.com/digital-land/submit/pull/340,test/unit/organisationsController.test.js,race condition,describe(;it(,async
https://api.github.com/repos/WordPress/gutenberg,https://github.com/WordPress/gutenberg/pull/64776,test/e2e/specs/site-editor/new-templates-list.spec.js,flaky test,describe(;test(,promise;async
https://api.github.com/repos/holepunchto/bare-http1,https://github.com/holepunchto/bare-http1/pull/17,test.js,race condition,test(,promise;async
https://api.github.com/repos/carbon-design-system/carbon,https://github.com/carbon-design-system/carbon/pull/17258,packages/react/src/components/TileGroup/__tests__/TileGroup-test.js,race condition,describe(;it(,async
https://api.github.com/repos/neo4j/neo4j-javascript-driver,https://github.com/neo4j/neo4j-javascript-driver/pull/1216,packages/core/test/internal/pool/pool.test.ts,race condition,describe(;it(,promise;async
https://api.github.com/repos/Accenture/sfmc-devtools,https://github.com/Accenture/sfmc-devtools/pull/1635,test/general.test.js;test/type.journey.test.js,race condition,describe(;it(,async
https://api.github.com/repos/MetaMask/metamask-extension,https://github.com/MetaMask/metamask-extension/pull/26747,test/e2e/tests/metrics/errors.spec.js;test/e2e/tests/settings/ipfs-ens-resolution.spec.js,flaky test,describe(;it(,promise;async
https://api.github.com/repos/Accenture/sfmc-devtools,https://github.com/Accenture/sfmc-devtools/pull/1629,test/general.test.js;test/type.journey.test.js,race condition,describe(;it(,async
https://api.github.com/repos/okta/okta-signin-widget,https://github.com/okta/okta-signin-widget/pull/3714,test/testcafe/spec-en-leaks/EnglishLeaks_spec.js;test/testcafe/spec/ChallengeAuthenticatorEmail_spec.js;test/testcafe/spec/ChallengeOktaVerifyFastPassView_spec.js;test/testcafe/spec/DeviceChallengePollView_spec.js;test/testcafe/spec/EnrollAuthenticatorWebAuthn_spec.js;test/testcafe/spec/LaunchOVWithRememberMe_spec.js,flaky test,it(;test(,async
https://api.github.com/repos/MetaMask/metamask-extension,https://github.com/MetaMask/metamask-extension/pull/27067,test/e2e/tests/account/metamask-responsive-ui.spec.js,flaky test,describe(;it(;test(,async
https://api.github.com/repos/TryGhost/Ghost,https://github.com/TryGhost/Ghost/pull/20964,ghost/core/test/e2e-frontend/members.test.js;ghost/core/test/e2e-server/click-tracking.test.js;ghost/core/test/integration/services/last-seen-at-updater.test.js;ghost/members-events-service/test/last-seen-at-cache.test.js;ghost/members-events-service/test/last-seen-at-updater.test.js,race condition,describe(;it(,async
https://api.github.com/repos/EOX-A/EOxElements,https://github.com/EOX-A/EOxElements/pull/1242,elements/map/test/viewProjection.cy.ts,flaky test,describe(;it(,promise
https://api.github.com/repos/openedx/frontend-app-authoring,https://github.com/openedx/frontend-app-authoring/pull/1263,src/library-authoring/LibraryAuthoringPage.test.tsx;src/library-authoring/component-info/ComponentInfoHeader.test.tsx;src/library-authoring/data/api.test.ts;src/taxonomy/taxonomy-menu/TaxonomyMenu.test.tsx,flaky test,describe(;it(,async
https://api.github.com/repos/Kong/insomnia,https://github.com/Kong/insomnia/pull/7928,packages/insomnia-smoke-test/tests/smoke/dashboard-interactions.test.ts,race condition,describe(;test(,async
https://api.github.com/repos/ably/ably-js,https://github.com/ably/ably-js/pull/1855,test/realtime/transports.test.js,race condition,describe(;it(,promise;async
https://api.github.com/repos/adyen-examples/adyen-testing-suite,https://github.com/adyen-examples/adyen-testing-suite/pull/92,tests/giving/card-and-donation.spec.js,flaky test,test(,async
https://api.github.com/repos/Helioviewer-Project/helioviewer.org,https://github.com/Helioviewer-Project/helioviewer.org/pull/612,tests/desktop/multi/tiles.spec.ts;tests/desktop/normal/hello_helioviewer.spec.ts,flaky test,test(,async
https://api.github.com/repos/JeremyLoh/task-tracker,https://github.com/JeremyLoh/task-tracker/pull/3,tests/addCommand.test.js;tests/listCommand.test.js;tests/markDoneCommand.test.js;tests/markInProgressCommand.test.js,flaky test,describe(;it(,async
https://api.github.com/repos/JeremyLoh/task-tracker,https://github.com/JeremyLoh/task-tracker/pull/2,tests/addCommand.test.js;tests/listCommand.test.js,flaky test,describe(;it(,promise;async
https://api.github.com/repos/Helioviewer-Project/helioviewer.org,https://github.com/Helioviewer-Project/helioviewer.org/pull/610,tests/desktop/normal/hello_helioviewer.spec.ts;tests/desktop/normal/movie/form_controls.spec.ts;tests/desktop/normal/regression/image_preset_spoil_state_integers.spec.ts,flaky test,test(,async
https://api.github.com/repos/tomason182/hostel_api,https://github.com/tomason182/hostel_api/pull/10,__TEST__/app.test.js,race condition,describe(;test(,async
https://api.github.com/repos/tomason182/hostel_api,https://github.com/tomason182/hostel_api/pull/11,__TEST__/app.test.js,race condition,describe(;test(,async
https://api.github.com/repos/gavinvaske/evolved_label_intelligence,https://github.com/gavinvaske/evolved_label_intelligence/pull/371,test/models/customer.spec.js;test/models/material.spec.js;test/models/user.spec.js,flaky test,describe(;it(,async
https://api.github.com/repos/carbon-design-system/carbon,https://github.com/carbon-design-system/carbon/pull/17427,e2e/components/Menu/Menu-test.avt.e2e.js;packages/react/src/components/Slider/Slider-test.js,flaky test,describe(;test(,async
https://api.github.com/repos/gavinvaske/evolved_label_intelligence,https://github.com/gavinvaske/evolved_label_intelligence/pull/369,test/models/material.spec.js,flaky test,describe(;it(,async
https://api.github.com/repos/hmcts/rpx-xui-webapp,https://github.com/hmcts/rpx-xui-webapp/pull/3910,api/specificAccessOrchastrator/index.spec.ts;src/app/services/ccd-config/ccd-case.config.spec.ts;test_codecept/ngIntegration/tests/stepDefinitions/mockCase.steps.js,race condition,describe(;it(,promise;async
https://api.github.com/repos/vercel/next.js,https://github.com/vercel/next.js/pull/70368,test/development/app-dir/server-components-hmr-cache/server-components-hmr-cache.test.ts,race condition,describe(;it(,async
https://api.github.com/repos/oxen-io/eth-sn-contracts,https://github.com/oxen-io/eth-sn-contracts/pull/86,test/unit-js/ServiceNodeContributionTest.js,race condition,describe(;it(,async
https://api.github.com/repos/Agoric/agoric-sdk,https://github.com/Agoric/agoric-sdk/pull/10140,packages/orchestration/test/fixtures/zoe-tools.flows.js,race condition,it(,promise;async
https://api.github.com/repos/MetaMask/metamask-extension,https://github.com/MetaMask/metamask-extension/pull/27352,test/e2e/tests/request-queuing/dapp1-switch-dapp2-send.spec.js,race condition;flaky test,describe(;it(,async
https://api.github.com/repos/CoherentLabs/GameUIComponents,https://github.com/CoherentLabs/GameUIComponents/pull/461,tools/tests/interaction-manager/zoom/test.js,flaky test,describe(;it(,async
https://api.github.com/repos/getodk/central-backend,https://github.com/getodk/central-backend/pull/1197,test/e2e/s3/test.js,race condition,describe(;it(,promise;async
https://api.github.com/repos/newrelic/node-newrelic,https://github.com/newrelic/node-newrelic/pull/2610,test/unit/serverless/api-gateway-v2.test.js;test/unit/serverless/aws-lambda.test.js;test/unit/shim/message-shim.test.js;test/unit/shim/shim.test.js;test/versioned/express/app-use.test.js;test/versioned/express/bare-router.test.js;test/versioned/express/errors.test.js;test/versioned/express/express-enrouten.test.js;test/versioned/express/ignoring.test.js;test/versioned/express/issue171.test.js;test/versioned/express/render.test.js;test/versioned/express/route-iteration.test.js;test/versioned/express/route-param.test.js;test/versioned/express/router-params.test.js;test/versioned/express/transaction-naming.test.js,flaky test,it(;test(,async
https://api.github.com/repos/department-of-veterans-affairs/vets-website,https://github.com/department-of-veterans-affairs/vets-website/pull/32232,src/applications/gi/tests/components/profile/InstitutionProfile.unit.spec.jsx;src/platform/forms/tests/forms.unit.spec.js,flaky test,describe(;it(,async
https://api.github.com/repos/DMGT-TECH/the-usher-server,https://github.com/DMGT-TECH/the-usher-server/pull/126,database/test/db-admin-permissions.test.js;server/test/endpoint_admin_personas_roles.test.js;server/test/endpoint_clients.test.js;server/test/endpoint_roles.test.js,race condition,describe(;it(,async
https://api.github.com/repos/department-of-veterans-affairs/react-jsonschema-form,https://github.com/department-of-veterans-affairs/react-jsonschema-form/pull/27,test/ArrayField_test.js,flaky test,describe(;it(,promise
https://api.github.com/repos/bpmn-io/bpmn-to-image,https://github.com/bpmn-io/bpmn-to-image/pull/47,test/cli-spec.js;test/index-spec.js,race condition;event race,describe(;it(,async
https://api.github.com/repos/google/site-kit-wp,https://github.com/google/site-kit-wp/pull/9476,assets/js/components/Header.test.js;assets/js/modules/analytics-4/components/audience-segmentation/dashboard/AudienceSegmentationSetupCTAWidget.test.js;assets/js/modules/analytics-4/components/audience-segmentation/dashboard/AudienceTilesWidget/index.test.js,flaky test,describe(;it(,promise;async
https://api.github.com/repos/adobe/franklin-sidekick-library,https://github.com/adobe/franklin-sidekick-library/pull/117,test/components/block-renderer/block-renderer.test.js,flaky test,describe(;it(,async
https://api.github.com/repos/LedgerHQ/ledger-live,https://github.com/LedgerHQ/ledger-live/pull/7999,apps/ledger-live-desktop/tests/specs/services/ethereumStaking.spec.ts,flaky test,test(,promise;async
https://api.github.com/repos/MetaMask/metamask-extension,https://github.com/MetaMask/metamask-extension/pull/27599,test/e2e/tests/dapp-interactions/block-explorer.spec.js,flaky test,describe(;it(,async
https://api.github.com/repos/vercel/next.js,https://github.com/vercel/next.js/pull/71260,test/development/acceptance/hydration-error.test.ts,flaky test,describe(;it(,async
https://api.github.com/repos/DataDog/dd-trace-js,https://github.com/DataDog/dd-trace-js/pull/4788,docs/test.ts;integration-tests/automatic-log-submission.spec.js;integration-tests/debugger/index.spec.js;integration-tests/selenium/selenium.spec.js,flaky test,it(,promise
https://api.github.com/repos/DataDog/dd-trace-js,https://github.com/DataDog/dd-trace-js/pull/4787,docs/test.ts;integration-tests/automatic-log-submission.spec.js;integration-tests/debugger/index.spec.js;integration-tests/selenium/selenium.spec.js,flaky test,it(,promise
https://api.github.com/repos/bpmn-io/dmn-js,https://github.com/bpmn-io/dmn-js/pull/910,packages/dmn-js-drd/test/spec/features/definition-properties/DefinitionPropertiesSpec.js;packages/dmn-js-literal-expression/test/spec/features/textarea/TextareaEditorSpec.js,flaky test,describe(;it(,async
https://api.github.com/repos/ldbv-by/bav4,https://github.com/ldbv-by/bav4/pull/2621,test/modules/timeTravel/components/TimeTravelSlider.test.js,flaky test,describe(;it(,async
https://api.github.com/repos/tdeekens/flopflip,https://github.com/tdeekens/flopflip/pull/1957,packages/react/src/hooks/use-adapter-subscription/use-adapter-subscription.spec.js,race condition,describe(;it(,promise;async
https://api.github.com/repos/vercel/next.js,https://github.com/vercel/next.js/pull/71741,test/e2e/app-dir/actions/app-action.test.ts,race condition,describe(;it(,promise;async
https://api.github.com/repos/FlowFuse/flowfuse,https://github.com/FlowFuse/flowfuse/pull/4686,test/unit/forge/db/models/Device_spec.js;test/unit/forge/ee/routes/api/pipeline_spec.js;test/unit/forge/routes/api/device_spec.js,flaky test,describe(;it(,promise;async
https://api.github.com/repos/reportportal/agent-js-jest,https://github.com/reportportal/agent-js-jest/pull/148,__tests__/index.spec.js,race condition,describe(;test(,async
https://api.github.com/repos/WordPress/gutenberg,https://github.com/WordPress/gutenberg/pull/66212,test/e2e/specs/site-editor/zoom-out.spec.js,flaky test,describe(;test(,async
https://api.github.com/repos/1024pix/pix,https://github.com/1024pix/pix/pull/10380,mon-pix/tests/acceptance/resume-campaigns-with-type-assessment-test.js;mon-pix/tests/acceptance/skill-review-test.js;mon-pix/tests/unit/routes/assessments/resume-test.js;mon-pix/tests/unit/routes/campaigns/assessment/skill-review-test.js;mon-pix/tests/unit/routes/campaigns/entry-point-test.js;mon-pix/tests/unit/routes/campaigns/results-loader-test.js,race condition,it(;test(,async
https://api.github.com/repos/vercel/next.js,https://github.com/vercel/next.js/pull/71967,test/development/acceptance-app/undefined-default-export.test.ts,flaky test,describe(;it(,async
https://api.github.com/repos/CesiumGS/cesium,https://github.com/CesiumGS/cesium/pull/12267,packages/engine/Specs/Scene/Cesium3DTilesetSpec.js,race condition,describe(;it(,promise;async
https://api.github.com/repos/HHS/Head-Start-TTADP,https://github.com/HHS/Head-Start-TTADP/pull/2441,src/scopes/grants/index.test.js,race condition,describe(;it(,promise;async
https://api.github.com/repos/vercel/next.js,https://github.com/vercel/next.js/pull/72345,test/development/app-hmr/hmr.test.ts,race condition,describe(;it(,async
https://api.github.com/repos/ghostery/ghostery-extension,https://github.com/ghostery/ghostery-extension/pull/2033,tests/e2e/spec/main.spec.js,race condition,describe(;it(,async
https://api.github.com/repos/1024pix/pix-editor,https://github.com/1024pix/pix-editor/pull/802,api/tests/unit/domain/usecases/clone-skill_test.js,race condition;event race,describe(;it(,promise;async
https://api.github.com/repos/grey-box/medical-codex-admin-frontend,https://github.com/grey-box/medical-codex-admin-frontend/pull/29,src/utils/__tests__/handleLastResort.test.ts;src/utils/__tests__/handleTranslate.test.ts,race condition,describe(;it(,async
https://api.github.com/repos/arochedy/react-native-check-new-archi,https://github.com/arochedy/react-native-check-new-archi/pull/1,src/tests/test.ts,race condition,it(,promise;async
https://api.github.com/repos/wmfs/tymly-fastify-plugin,https://github.com/wmfs/tymly-fastify-plugin/pull/459,test/download-spec.js;test/fastify-spec.js,flaky test,describe(;it(,promise;async
https://api.github.com/repos/vercel/next.js,https://github.com/vercel/next.js/pull/72592,packages/next/src/client/components/router-reducer/create-initial-router-state.test.tsx,race condition,describe(;it(,promise
https://api.github.com/repos/vercel/next.js,https://github.com/vercel/next.js/pull/72439,test/development/acceptance-app/undefined-default-export.test.ts;test/development/acceptance/server-component-compiler-errors-in-pages.test.ts;test/development/app-dir/server-components-hmr-cache/server-components-hmr-cache.test.ts;test/development/app-hmr/hmr.test.ts;test/development/basic/hmr.test.ts;test/development/basic/next-rs-api.test.ts;test/development/middleware-errors/index.test.ts;test/e2e/404-page-router/index.test.ts;test/e2e/app-dir/app-fetch-deduping/app-fetch-deduping.test.ts;test/e2e/app-dir/logging/fetch-logging.test.ts;test/e2e/getserversideprops/test/index.test.ts;test/e2e/prerender.test.ts;test/integration/server-side-dev-errors/test/index.test.js,flaky test,describe(;it(,async
https://api.github.com/repos/openreview/openreview-js,https://github.com/openreview/openreview-js/pull/66,packages/meta-extraction/test/test.js,flaky test,it(,async
https://api.github.com/repos/confluentinc/confluent-kafka-javascript,https://github.com/confluentinc/confluent-kafka-javascript/pull/151,test/promisified/consumer/consumeMessages.spec.js,race condition,it(,async
https://api.github.com/repos/TheFocusTech/DomainQA,https://github.com/TheFocusTech/DomainQA/pull/58,tests/04Domains.spec.js;tests/08MyProfile.spec.js,flaky test,describe(;test(,async
https://api.github.com/repos/Lighting-Sun/wdio-framework,https://github.com/Lighting-Sun/wdio-framework/pull/13,tests/specs/addProductsToCart.spec.js;tests/specs/completePurchase.spec.js,flaky test,describe(;it(,async
https://api.github.com/repos/TryGhost/Ghost,https://github.com/TryGhost/Ghost/pull/21604,ghost/core/test/integration/services/email-service/batch-sending.test.js,race condition,describe(;it(,promise;async
https://api.github.com/repos/opensearch-project/opensearch-js,https://github.com/opensearch-project/opensearch-js/pull/900,test/unit/client.test.js,flaky test,test(,promise;async
https://api.github.com/repos/chrvadala/node-ble,https://github.com/chrvadala/node-ble/pull/77,test/GattCharacteristic.spec.js,race condition,it(;test(,promise;async
https://api.github.com/repos/HHS/Head-Start-TTADP,https://github.com/HHS/Head-Start-TTADP/pull/2500,frontend/src/components/__tests__/BuildInfo.js;frontend/src/components/__tests__/HeaderUserMenu.js;frontend/src/pages/Admin/__tests__/index.js;frontend/src/pages/RegionalDashboard/__tests__/index.js;frontend/src/pages/RegionalGoalDashboard/__tests__/index.js,race condition,describe(;it(,async
https://api.github.com/repos/percy/cli,https://github.com/percy/cli/pull/1793,packages/core/test/utils.test.js,race condition,describe(;it(;test(,async
https://api.github.com/repos/TheFocusTech/DomainQA,https://github.com/TheFocusTech/DomainQA/pull/96,tests/06Blog.spec.js;tests/09NonAuthorizedUser.spec.js,flaky test,describe(;it(;test(,async
https://api.github.com/repos/DataDog/dd-trace-js,https://github.com/DataDog/dd-trace-js/pull/4940,integration-tests/init.spec.js;packages/datadog-plugin-azure-functions/test/integration-test/client.spec.js;packages/datadog-plugin-langchain/test/index.spec.js,race condition,describe(;it(;test(,async
https://api.github.com/repos/DataDog/dd-trace-js,https://github.com/DataDog/dd-trace-js/pull/4939,integration-tests/init.spec.js;packages/datadog-plugin-azure-functions/test/integration-test/client.spec.js;packages/datadog-plugin-langchain/test/index.spec.js,race condition,describe(;it(;test(,async
https://api.github.com/repos/newrelic/node-newrelic,https://github.com/newrelic/node-newrelic/pull/2790,test/integration/core/fs.test.js,flaky test,test(,promise;async
https://api.github.com/repos/MetaMask/metamask-extension,https://github.com/MetaMask/metamask-extension/pull/28620,ui/pages/settings/contact-list-tab/add-contact/add-contact.test.js,flaky test,describe(;it(,async
https://api.github.com/repos/LedgerHQ/ledger-live,https://github.com/LedgerHQ/ledger-live/pull/8428,apps/ledger-live-desktop/tests/specs/general/portfolio.spec.ts,flaky test,test(,async
https://api.github.com/repos/percona/pmm-ui-tests,https://github.com/percona/pmm-ui-tests/pull/899,tests/metrics/verifyMongoDBCollectionFlags_test.js,flaky test,it(,async
https://api.github.com/repos/DevExpress/DevExtreme,https://github.com/DevExpress/DevExtreme/pull/28467,apps/demos/testing/common.test.js;apps/demos/testing/widgets/accordion/Accordion.test.js;apps/demos/testing/widgets/charts/Crosshair.test.js;apps/demos/testing/widgets/charts/CustomAnnotationsDrag.test.js;apps/demos/testing/widgets/charts/CustomLegendMarkers.test.js;apps/demos/testing/widgets/charts/LoadDataOnDemand.test.js;apps/demos/testing/widgets/charts/Overview.test.js;apps/demos/testing/widgets/charts/PieLabelsOverlapping.test.js;apps/demos/testing/widgets/charts/ZoomingAndScrollingAPI.test.js;apps/demos/testing/widgets/charts/ZoomingOnAreaSelection.test.js;apps/demos/testing/widgets/common/EditorAppearanceVariants.test.js;apps/demos/testing/widgets/contextmenu/ContextMenu.test.js;apps/demos/testing/widgets/contextmenu/ContextMenuScrolling.test.js;apps/demos/testing/widgets/contextmenu/ContextMenuShare.test.js;apps/demos/testing/widgets/datagrid/AdvancedMasterDetailView.test.js;apps/demos/testing/widgets/datagrid/AjaxRequest.test.js;apps/demos/testing/widgets/datagrid/Appearance.test.js;apps/demos/testing/widgets/datagrid/BatchEditing.test.js;apps/demos/testing/widgets/datagrid/BatchUpdateRequest.test.js;apps/demos/testing/widgets/datagrid/CellEditingAndEditingAPI.test.js;apps/demos/testing/widgets/datagrid/CustomNewRecordPosition.test.js;apps/demos/testing/widgets/datagrid/DataValidation.test.js;apps/demos/testing/widgets/datagrid/EditStateManagement.test.js;apps/demos/testing/widgets/datagrid/Filtering.test.js;apps/demos/testing/widgets/datagrid/FilteringAPI.test.js;apps/demos/testing/widgets/datagrid/GroupSummaries.test.js;apps/demos/testing/widgets/datagrid/InfiniteScrolling.test.js;apps/demos/testing/widgets/datagrid/MasterDetailAPI.test.js;apps/demos/testing/widgets/datagrid/MasterDetailView.test.js,flaky test,it(,promise;async
https://api.github.com/repos/koodikilpparit/sanapolku,https://github.com/koodikilpparit/sanapolku/pull/279,src/pages/ManagePath.test.js,flaky test,describe(;it(,promise;async
https://api.github.com/repos/mnahkies/openapi-code-generator,https://github.com/mnahkies/openapi-code-generator/pull/269,integration-tests/typescript-angular/src/app/app.component.spec.ts,race condition,describe(;it(,async
https://api.github.com/repos/matthewsong18/csc337-final-project,https://github.com/matthewsong18/csc337-final-project/pull/33,backend/models/__tests__/Chat.test.js;backend/models/__tests__/Message.test.js;backend/models/__tests__/Poll.test.js;backend/models/__tests__/PollOption.test.js;backend/models/__tests__/User.test.js;backend/services/__test__/UserService.test.js,race condition,describe(;it(,async
https://api.github.com/repos/langflow-ai/langflow,https://github.com/langflow-ai/langflow/pull/4919,src/frontend/tests/core/unit/nestedComponent.spec.ts,race condition,test(,async
https://api.github.com/repos/fastify/fastify,https://github.com/fastify/fastify/pull/5881,test/close-pipelining.test.js;test/hooks.test.js;test/post-empty-body.test.js;test/trust-proxy.test.js,flaky test,test(,promise;async
https://api.github.com/repos/meteor/meteor,https://github.com/meteor/meteor/pull/13506,packages/roles/tests/serverAsync.js,flaky test,test(,promise;async
https://api.github.com/repos/webex/webex-js-sdk,https://github.com/webex/webex-js-sdk/pull/4025,packages/@webex/plugin-meetings/test/unit/spec/reachability/clusterReachability.ts,race condition,describe(;it(,promise;async
https://api.github.com/repos/hashicorp/boundary-ui,https://github.com/hashicorp/boundary-ui/pull/2615,e2e-tests/desktop/fixtures/electronTest.js;e2e-tests/desktop/tests/sessions.spec.js;e2e-tests/desktop/tests/targets.spec.js,flaky test,it(,async
https://api.github.com/repos/rbredtech/consent-management-provider,https://github.com/rbredtech/consent-management-provider/pull/79,spec/api.spec.js;spec/banner-additional-channels.spec.js;spec/banner.spec.js;spec/channel.spec.js;spec/consent-flow.spec.js;spec/core.spec.js;spec/debug-api.spec.js;spec/disabled-channel-id.spec.js;spec/noconsent-flow.spec.js,race condition,test(,promise;async
https://api.github.com/repos/bigbluebutton/bigbluebutton,https://github.com/bigbluebutton/bigbluebutton/pull/21902,bigbluebutton-tests/playwright/layouts/layouts.spec.js;bigbluebutton-tests/playwright/notifications/notifications.spec.js;bigbluebutton-tests/playwright/parameters/parameters.spec.js;bigbluebutton-tests/playwright/presentation/presentation.spec.js;bigbluebutton-tests/playwright/sharednotes/sharednotes.spec.js;bigbluebutton-tests/playwright/user/user.spec.js,flaky test,describe(;test(,async
https://api.github.com/repos/noobaa/noobaa-core,https://github.com/noobaa/noobaa-core/pull/8613,src/test/unit_tests/jest_tests/test_nc_upgrade_manager.test.js,race condition,describe(;it(,promise;async
https://api.github.com/repos/ScaCap/action-surefire-report,https://github.com/ScaCap/action-surefire-report/pull/238,action.test.js,flaky test,describe(;it(,async
https://api.github.com/repos/penpot/penpotqa,https://github.com/penpot/penpotqa/pull/147,tests/components/main-components/update-main-components.spec.js;tests/composition/composition-grid-layout.spec.js,flaky test,describe(;test(,async
https://api.github.com/repos/ampproject/amphtml,https://github.com/ampproject/amphtml/pull/40213,extensions/amp-lightbox/0.1/test/test-amp-lightbox.js,flaky test,it(,promise;async
https://api.github.com/repos/ampproject/amphtml,https://github.com/ampproject/amphtml/pull/40221,extensions/amp-lightbox/0.1/test/test-amp-lightbox.js;extensions/amp-skimlinks/0.1/test/test-affiliate-link-resolver.js,flaky test,it(,promise;async
https://api.github.com/repos/ampproject/amphtml,https://github.com/ampproject/amphtml/pull/40218,extensions/amp-skimlinks/0.1/test/test-affiliate-link-resolver.js;extensions/amp-story-player/0.1/test/test-e2e/test-amp-story-player.js,flaky test,describe(;it(,promise;async
https://api.github.com/repos/ably/ably-js,https://github.com/ably/ably-js/pull/1940,test/realtime/message.test.js,race condition,describe(;it(;test(,promise;async
https://api.github.com/repos/DataDog/dd-trace-js,https://github.com/DataDog/dd-trace-js/pull/5072,integration-tests/cucumber/cucumber.spec.js;integration-tests/jest/jest.spec.js;integration-tests/mocha/mocha.spec.js;integration-tests/vitest/vitest.spec.js,race condition,describe(;it(,promise;async
https://api.github.com/repos/elastic/apm-agent-rum-js,https://github.com/elastic/apm-agent-rum-js/pull/1561,packages/rum-core/test/common/xhr-patch.spec.js;packages/rum-core/test/performance-monitoring/performance-monitoring.spec.js,flaky test,describe(;it(,async
https://api.github.com/repos/xmppjs/xmpp.js,https://github.com/xmppjs/xmpp.js/pull/1048,packages/connection/test/stop.js,race condition,it(;test(,promise;async
https://api.github.com/repos/WordPress/gutenberg,https://github.com/WordPress/gutenberg/pull/68503,test/e2e/specs/site-editor/command-center.spec.js,race condition;flaky test,describe(;test(,promise;async
https://api.github.com/repos/netlify/build,https://github.com/netlify/build/pull/5992,packages/build/tests/install/tests.js;packages/build/tests/plugins/tests.js,race condition,test(,promise;async
https://api.github.com/repos/ministryofjustice/moj-frontend,https://github.com/ministryofjustice/moj-frontend/pull/1070,src/moj/components/date-picker/date-picker.spec.js,flaky test,describe(;it(;test(,async
https://api.github.com/repos/vercel/next.js,https://github.com/vercel/next.js/pull/74694,test/development/acceptance-app/ReactRefreshRequire.test.ts,flaky test,describe(;test(,async
https://api.github.com/repos/posix4e/chroniclesync,https://github.com/posix4e/chroniclesync/pull/112,pages/e2e/home.spec.ts,flaky test,describe(;test(,async
https://api.github.com/repos/percy/cli,https://github.com/percy/cli/pull/1842,packages/core/test/utils.test.js,race condition,describe(;it(;test(,async
https://api.github.com/repos/HHS/Head-Start-TTADP,https://github.com/HHS/Head-Start-TTADP/pull/2600,src/services/dashboards/course.test.js,flaky test,describe(;it(,async
https://api.github.com/repos/department-of-veterans-affairs/vets-website,https://github.com/department-of-veterans-affairs/vets-website/pull/34169,src/applications/vaos/new-appointment/components/ClinicChoicePage/index.unit.spec.js,flaky test,describe(;it(,async
https://api.github.com/repos/abo3skr2019/Student-Club-Management-System,https://github.com/abo3skr2019/Student-Club-Management-System/pull/62,backend/tests/club.test.js;backend/tests/event.test.js,race condition,describe(;test(,promise;async
https://api.github.com/repos/bigbluebutton/bigbluebutton,https://github.com/bigbluebutton/bigbluebutton/pull/22088,bigbluebutton-tests/playwright/breakout/breakout.spec.js;bigbluebutton-tests/playwright/chat/chat.spec.js;bigbluebutton-tests/playwright/notifications/notifications.spec.js;bigbluebutton-tests/playwright/options/options.spec.js;bigbluebutton-tests/playwright/presentation/presentation.spec.js,flaky test,test(,async
https://api.github.com/repos/adobecom/milo,https://github.com/adobecom/milo/pull/3549,test/blocks/gist/gist.test.js,flaky test,describe(;it(,async
https://api.github.com/repos/posix4e/chroniclesync,https://github.com/posix4e/chroniclesync/pull/259,extension/__tests__/popup.test.tsx;extension/__tests__/settings.extension.test.js;extension/e2e/extension-page-interaction.spec.ts;extension/e2e/extension.spec.ts,flaky test,describe(;it(,async
https://api.github.com/repos/Helioviewer-Project/helioviewer.org,https://github.com/Helioviewer-Project/helioviewer.org/pull/657,tests/desktop/normal/observation_date/jump_with_time_range.spec.ts;tests/desktop/normal/regression/issue_647.spec.ts;tests/desktop/normal/regression/issue_654.spec.ts;tests/desktop/normal/zoom/center_image.spec.ts;tests/mobile/mobile_unmatched_image_warning.spec.ts,flaky test,test(,async
https://api.github.com/repos/Real-Dev-Squad/website-backend,https://github.com/Real-Dev-Squad/website-backend/pull/2369,test/unit/services/onboardingExtension.test.ts,flaky test,describe(;it(,async
https://api.github.com/repos/europeana/portal.js,https://github.com/europeana/portal.js/pull/2544,packages/portal/tests/unit/components/embed/EmbedGateway.spec.js;packages/portal/tests/unit/components/page/PageCookiesWidget.spec.js,race condition,describe(;it(,async
https://api.github.com/repos/tzuyi0817/code-immediate,https://github.com/tzuyi0817/code-immediate/pull/72,src/__tests__/unit/components/common/Drag.test.ts;src/__tests__/unit/components/common/Editor.test.ts;src/__tests__/unit/components/common/Pagination.test.ts;src/__tests__/unit/components/common/Preview.test.ts;src/__tests__/unit/components/common/Toast.test.ts;src/__tests__/unit/components/layout/AppFooter/Console.test.ts;src/__tests__/unit/components/layout/AppFooter/LoadingStatus.test.ts;src/__tests__/unit/components/layout/AppFooter/index.test.ts;src/__tests__/unit/components/layout/AppHeader/Actions.test.ts;src/__tests__/unit/components/layout/AppHeader/LoginPopup.test.ts;src/__tests__/unit/components/layout/AppHeader/Menu.test.ts;src/__tests__/unit/components/layout/AppHeader/ProjectsPopup.test.ts;src/__tests__/unit/components/layout/AppHeader/RemindPopup.test.ts;src/__tests__/unit/components/layout/AppHeader/SettingPopup.test.ts;src/__tests__/unit/components/layout/AppHeader/SignUpPopup.test.ts;src/__tests__/unit/components/layout/AppHeader/TemplatePopup.test.ts;src/__tests__/unit/components/layout/AppHeader/index.test.ts,race condition,describe(;it(,async
https://api.github.com/repos/cadence-workflow/cadence-web,https://github.com/cadence-workflow/cadence-web/pull/809,src/views/workflow-history/__tests__/workflow-history.test.tsx,flaky test,describe(;it(,promise;async
https://api.github.com/repos/cadence-workflow/cadence-web,https://github.com/cadence-workflow/cadence-web/pull/807,src/views/workflow-history/__tests__/workflow-history.test.tsx,flaky test,describe(;it(,promise;async
https://api.github.com/repos/3liz/lizmap-web-client,https://github.com/3liz/lizmap-web-client/pull/5343,tests/end2end/playwright/landing_page_config.spec.js;tests/end2end/playwright/print_in_project_projection.spec.js,flaky test,describe(;test(,async
https://api.github.com/repos/DataDog/dd-trace-js,https://github.com/DataDog/dd-trace-js/pull/5236,integration-tests/ci-visibility/playwright-tests-quarantine/quarantine-test.js;integration-tests/cucumber/cucumber.spec.js;integration-tests/cypress/cypress.spec.js;integration-tests/jest/jest.spec.js;integration-tests/mocha/mocha.spec.js;integration-tests/playwright/playwright.spec.js;integration-tests/vitest/vitest.spec.js,flaky test,describe(;test(,async
https://api.github.com/repos/ProjectEvergreen/greenwood,https://github.com/ProjectEvergreen/greenwood/pull/1412,packages/cli/test/cases/build.default.static-asset-bundling/build.default.static-asset-bundling.spec.js,race condition,describe(;it(;test(,promise;async
https://api.github.com/repos/TryGhost/Ghost,https://github.com/TryGhost/Ghost/pull/22122,ghost/core/test/e2e-browser/admin/publishing.spec.js,race condition,describe(;test(,promise;async
https://api.github.com/repos/code-dot-org/code-dot-org,https://github.com/code-dot-org/code-dot-org/pull/64022,apps/test/unit/aiDifferentiation/welcome/AiDiffWelcomeTest.jsx,flaky test,describe(;test(,async
https://api.github.com/repos/elasticsearch-dump/elasticsearch-dump,https://github.com/elasticsearch-dump/elasticsearch-dump/pull/1092,test/transports/base.test.js;test/transports/csv.test.js;test/transports/file.test.js;test/transports/s3.test.js,race condition,describe(;it(,async
https://api.github.com/repos/FlowFuse/flowfuse,https://github.com/FlowFuse/flowfuse/pull/5119,test/unit/forge/licensing/index_spec.js,race condition,describe(;it(,async
https://api.github.com/repos/wix/Detox,https://github.com/wix/Detox/pull/4717,detox/src/client/actions/formatters/SyncStatusFormatter.test.js;detox/test/e2e/12.animations.test.js;detox/test/e2e/14.network.test.js,flaky test,describe(;it(,async
https://api.github.com/repos/metriport/metriport,https://github.com/metriport/metriport/pull/3364,packages/api/src/command/medical/document/__tests__/process-doc-query-webhook.test.ts,race condition,describe(;it(,async
https://api.github.com/repos/TryGhost/Ghost,https://github.com/TryGhost/Ghost/pull/22252,ghost/member-attribution/test/service.test.js;ghost/staff-service/test/staff-service.test.js,race condition,describe(;it(,async
https://api.github.com/repos/instana/nodejs,https://github.com/instana/nodejs/pull/1602,packages/collector/test/tracing/messaging/amqp/test.js;packages/collector/test/tracing/messaging/bull/test.js,flaky test,describe(;it(,promise;async
https://api.github.com/repos/DataDog/dd-trace-js,https://github.com/DataDog/dd-trace-js/pull/5355,integration-tests/ci-visibility/playwright-tests-test-management/disabled-test.js;integration-tests/ci-visibility/playwright-tests-test-management/quarantine-test.js;integration-tests/cucumber/cucumber.spec.js;integration-tests/cypress/cypress.spec.js;integration-tests/jest/jest.spec.js;integration-tests/mocha/mocha.spec.js;integration-tests/playwright/playwright.spec.js;integration-tests/vitest/vitest.spec.js,flaky test,describe(;test(,async
https://api.github.com/repos/code-dot-org/code-dot-org,https://github.com/code-dot-org/code-dot-org/pull/64292,apps/test/unit/codebridge/FileTabs/FileTabsTest.tsx;apps/test/unit/lab2/views/components/versionHistory/VersionHistoryButtonTest.tsx,flaky test,describe(;it(,async
https://api.github.com/repos/adobecom/mas,https://github.com/adobecom/mas/pull/181,nala/studio/ccd/slice/tests/slice_discard.test.js;nala/studio/ccd/slice/tests/slice_edit.test.js;nala/studio/ccd/suggested/tests/suggested_discard.test.js;nala/studio/ccd/suggested/tests/suggested_edit.test.js;nala/studio/studio.test.js,flaky test,describe(;test(,async
https://api.github.com/repos/bbc/bigscreen-player,https://github.com/bbc/bigscreen-player/pull/371,src/subtitles/imscsubtitles.test.js,race condition,describe(;it(,promise;async
https://api.github.com/repos/DEFRA/apha-apps-perms-move-animal-ui,https://github.com/DEFRA/apha-apps-perms-move-animal-ui/pull/293,user-journey-tests/specs/landing.spec.js,race condition,describe(;it(,async
https://api.github.com/repos/GoogleCloudPlatform/nodejs-docs-samples,https://github.com/GoogleCloudPlatform/nodejs-docs-samples/pull/4001,speech/system-test/recognize.test.js;translate/test/translate.test.js;translate/test/v3/translate_translate_text.test.js;translate/test/v3beta1/translate_translate_text_beta.test.js,flaky test,describe(;it(,async
https://api.github.com/repos/advplyr/audiobookshelf,https://github.com/advplyr/audiobookshelf/pull/4055,test/server/migrations/v2.15.0-series-column-unique.test.js,flaky test,describe(;it(,async
https://api.github.com/repos/parse-community/parse-server,https://github.com/parse-community/parse-server/pull/9634,spec/EnableExpressErrorHandler.spec.js;spec/ParseAPI.spec.js;spec/ParseConfigKey.spec.js;spec/ParseGraphQLServer.spec.js;spec/ParseLiveQuery.spec.js;spec/ParseQuery.FullTextSearch.spec.js;spec/ParseServer.spec.js;spec/ParseServerRESTController.spec.js;spec/PushController.spec.js;spec/SchemaPerformance.spec.js;spec/SecurityCheckGroups.spec.js;spec/batch.spec.js;spec/index.spec.js,flaky test,describe(;it(,async
https://api.github.com/repos/cqframework/cql-execution,https://github.com/cqframework/cql-execution/pull/336,test/elm/reusable/reusable-test.ts,race condition,describe(;it(,async
https://api.github.com/repos/ampproject/amphtml,https://github.com/ampproject/amphtml/pull/40257,extensions/amp-carousel/0.1/test/test-slidescroll.js;extensions/amp-carousel/0.2/test/test-type-slides.js;extensions/amp-lightbox/0.1/test/test-amp-lightbox.js;extensions/amp-social-share/0.1/test/test-amp-social-share.js,flaky test,describe(;it(,promise;async
https://api.github.com/repos/vercel/next.js,https://github.com/vercel/next.js/pull/77222,test/e2e/prerender.test.ts,race condition,describe(;it(;test(,promise;async
https://api.github.com/repos/DataDog/dd-trace-js,https://github.com/DataDog/dd-trace-js/pull/5429,integration-tests/ci-visibility/playwright-tests-test-management/attempt-to-fix-test.js;integration-tests/cucumber/cucumber.spec.js;integration-tests/cypress/cypress.spec.js;integration-tests/jest/jest.spec.js;integration-tests/mocha/mocha.spec.js;integration-tests/playwright/playwright.spec.js;integration-tests/vitest/vitest.spec.js,flaky test,describe(;test(,async
https://api.github.com/repos/cs4218/cs4218-2420-ecom-project-team25,https://github.com/cs4218/cs4218-2420-ecom-project-team25/pull/77,client/src/pages/HomePage.test.js;ui-tests/filter-search.spec.js,race condition,describe(;it(,promise;async
https://api.github.com/repos/cs4218/cs4218-2420-ecom-project-team14,https://github.com/cs4218/cs4218-2420-ecom-project-team14/pull/82,client/src/pages/admin/CreateProduct.test.js;client/src/pages/admin/Products.test.js;client/src/pages/admin/UpdateProduct.test.js;ui-tests/adminDeleteProduct.spec.js,race condition;event race,describe(;it(,async
https://api.github.com/repos/code-dot-org/code-dot-org,https://github.com/code-dot-org/code-dot-org/pull/64600,apps/test/unit/schoolInfo/SchoolInfoConfirmationDialogTest.js,race condition,describe(;it(,async
https://api.github.com/repos/code-dot-org/code-dot-org,https://github.com/code-dot-org/code-dot-org/pull/64598,apps/test/unit/schoolInfo/SchoolInfoConfirmationDialogTest.js,race condition,describe(;it(,async
https://api.github.com/repos/tethysplatform/tethysapp-tethys_dash,https://github.com/tethysplatform/tethysapp-tethys_dash/pull/2,reactapp/__tests__/components/landingPage/DashboardCard.test.js;reactapp/__tests__/components/layout/Header.test.js;reactapp/__tests__/components/loader/AppLoader.test.js;reactapp/__tests__/components/loader/DashboardLoader.test.js;reactapp/__tests__/components/modals/DashboardImport.test.js;reactapp/__tests__/components/visualizations/Base.test.js;reactapp/__tests__/components/visualizations/Map.test.js;reactapp/__tests__/components/visualizations/utilities.test.js,race condition,test(,async
https://api.github.com/repos/department-of-veterans-affairs/vets-website,https://github.com/department-of-veterans-affairs/vets-website/pull/35415,src/applications/vaos/referral-appointments/ReviewAndConfirm.unit.spec.jsx;src/applications/vaos/referral-appointments/ScheduleReferral.unit.spec.jsx;src/applications/vaos/referral-appointments/tests/hooks/useGetProviderByReferral/useGetProviderByReferral.unit.spec.jsx;src/applications/vaos/referral-appointments/tests/hooks/useGetReferralsAndRequests/useGetReferralsAndRequests.unit.spec.jsx,flaky test,describe(;it(,async
https://api.github.com/repos/GladysAssistant/Gladys,https://github.com/GladysAssistant/Gladys/pull/2263,server/test/lib/house/house.arm.test.js,flaky test,describe(;it(,promise;async
https://api.github.com/repos/DataDog/dd-trace-js,https://github.com/DataDog/dd-trace-js/pull/5487,integration-tests/ci-visibility/playwright-tests-test-capabilities/passing-test.js;integration-tests/ci-visibility/playwright-tests-test-management/attempt-to-fix-test.js;integration-tests/cucumber/cucumber.spec.js;integration-tests/cypress/cypress.spec.js;integration-tests/jest/jest.spec.js;integration-tests/mocha/mocha.spec.js;integration-tests/playwright/playwright.spec.js;integration-tests/profiler/profiler.spec.js,flaky test,test(,async
https://api.github.com/repos/cs4218/cs4218-2420-ecom-project-team15,https://github.com/cs4218/cs4218-2420-ecom-project-team15/pull/21,controllers/integration-tests/categoryControllerPartA.integration.test.js,flaky test,describe(;it(,async
https://api.github.com/repos/finos/git-proxy,https://github.com/finos/git-proxy/pull/945,test/testClearBareClone.test.js,flaky test,describe(;it(,async
https://api.github.com/repos/1024pix/pix,https://github.com/1024pix/pix/pull/11905,api/tests/identity-access-management/unit/application/oidc-provider.controller.test.js;junior/tests/acceptance/access-school-test.js;junior/tests/acceptance/start-mission-test.js;junior/tests/helpers/unaborted-visit.js;mon-pix/tests/acceptance/authentication/login-or-register-oidc-test.js;mon-pix/tests/acceptance/oidc/oidc-authentication-flow-test.js;mon-pix/tests/acceptance/oidc/start-campaigns-workflow-for-oidc-partner-test.js;mon-pix/tests/helpers/unaborted-visit.js;mon-pix/tests/unit/components/authentication/login-or-register-oidc-test.js;mon-pix/tests/unit/routes/authentication/login-oidc-test.js,race condition,describe(;it(,async
https://api.github.com/repos/parse-community/parse-server,https://github.com/parse-community/parse-server/pull/9692,spec/EmailVerificationToken.spec.js;spec/UserController.spec.js,flaky test,describe(;it(,promise;async
https://api.github.com/repos/parse-community/Parse-SDK-JS,https://github.com/parse-community/Parse-SDK-JS/pull/2548,integration/test/ParseDistTest.js;src/__tests__/ParseFile-test.js,flaky test,describe(;it(,promise;async
https://api.github.com/repos/woocommerce/gutenberg,https://github.com/woocommerce/gutenberg/pull/10,test/e2e/specs/interactivity/router-styles.spec.ts,race condition,describe(;test(,promise;async
https://api.github.com/repos/atlassian-labs/atlaspack,https://github.com/atlassian-labs/atlaspack/pull/420,packages/core/integration-tests/test/conditional-bundling.js,race condition,describe(;it(;test(,async
https://api.github.com/repos/vercel/next.js,https://github.com/vercel/next.js/pull/77848,test/development/acceptance/ReactRefreshLogBox.test.ts,flaky test,describe(;it(;test(,async
https://api.github.com/repos/alphagov/govuk-e2e-tests,https://github.com/alphagov/govuk-e2e-tests/pull/173,tests/publisher.spec.js,race condition,describe(;test(,async
https://api.github.com/repos/cap-js/cds-dbs,https://github.com/cap-js/cds-dbs/pull/1136,hana/test/hana-functions.test.js,flaky test,describe(;test(,async
https://api.github.com/repos/ATMmonitor667/Stockify,https://github.com/ATMmonitor667/Stockify/pull/18,frontend/src/__tests__/supabase/connection.test.js,flaky test,describe(;it(,async
https://api.github.com/repos/sveltejs/kit,https://github.com/sveltejs/kit/pull/13715,packages/kit/test/apps/basics/test/cross-platform/test.js,flaky test,describe(;it(;test(,promise;async
https://api.github.com/repos/noobaa/noobaa-core,https://github.com/noobaa/noobaa-core/pull/8971,src/test/unit_tests/jest_tests/test_nc_lifecycle_cli.test.js,flaky test,describe(;it(,promise;async
https://api.github.com/repos/vercel/next.js,https://github.com/vercel/next.js/pull/78473,test/e2e/app-dir/segment-cache/incremental-opt-in/segment-cache-incremental-opt-in.test.ts,race condition,describe(;it(;test(,async
https://api.github.com/repos/vercel/next.js,https://github.com/vercel/next.js/pull/78424,test/e2e/app-dir/rsc-basic/rsc-basic.test.ts,flaky test,describe(;it(,promise;async
https://api.github.com/repos/parse-community/Parse-SDK-JS,https://github.com/parse-community/Parse-SDK-JS/pull/2577,integration/test/ParseDistTest.js,flaky test,describe(;it(,promise;async
https://api.github.com/repos/department-of-veterans-affairs/vets-website,https://github.com/department-of-veterans-affairs/vets-website/pull/36027,src/applications/vaos/referral-appointments/ReferralsAndRequests.unit.spec.jsx;src/applications/vaos/referral-appointments/ReviewAndConfirm.unit.spec.jsx;src/applications/vaos/referral-appointments/components/ReferralTaskCardWithReferral.unit.spec.jsx;src/applications/vaos/referral-appointments/tests/hooks/useGetReferralsAndRequests/useGetReferralsAndRequests.unit.spec.jsx,flaky test,describe(;it(,async
https://api.github.com/repos/confluentinc/confluent-kafka-javascript,https://github.com/confluentinc/confluent-kafka-javascript/pull/300,test/promisified/admin/list_topics.spec.js;test/promisified/consumer/consumeMessages.spec.js;test/promisified/consumer/rebalanceCallback.spec.js;test/promisified/consumer/seek.spec.js;test/promisified/producer/flush.spec.js,race condition,describe(;it(,async
https://api.github.com/repos/pngwn/MDsveX,https://github.com/pngwn/MDsveX/pull/728,packages/mdsvex/test/it/mdsvex.spec.ts,race condition;event race,test(,promise;async
https://api.github.com/repos/FlowFuse/device-agent,https://github.com/FlowFuse/device-agent/pull/390,test/unit/lib/cli/flowsImporter_spec.js;test/unit/lib/launcher_spec.js,flaky test,describe(;it(,promise;async
https://api.github.com/repos/DataDog/dd-trace-js,https://github.com/DataDog/dd-trace-js/pull/5617,integration-tests/playwright/playwright.spec.js;packages/datadog-plugin-aws-sdk/test/dynamodb.spec.js;packages/datadog-plugin-koa/test/index.spec.js,race condition,describe(;it(;test(,promise;async
